<?xml version="1.0" encoding="UTF-8"?>
<beans xmlns="http://www.springframework.org/schema/beans"
       xmlns:xsi="http://www.w3.org/2001/XMLSchema-instance"
       xmlns:context="http://www.springframework.org/schema/context"
       xmlns:mvc="http://www.springframework.org/schema/mvc"
       xsi:schemaLocation="http://www.springframework.org/schema/beans
        http://www.springframework.org/schema/beans/spring-beans-3.2.xsd
        http://www.springframework.org/schema/context
        https://www.springframework.org/schema/context/spring-context.xsd
        http://www.springframework.org/schema/mvc
        https://www.springframework.org/schema/mvc/spring-mvc.xsd">

    <!-- 配置SpringMVC要扫描的包 -->
    <context:component-scan base-package="com.example.sims.controller"/>
    <!-- 配置注解驱动 -->
    <mvc:annotation-driven/>
    <!-- 配置视图解析器 -->
    <bean class="org.springframework.web.servlet.view.InternalResourceViewResolver">
        <property name="prefix" value="/WEB-INF/views/"/>
        <property name="suffix" value=".jsp"/>
    </bean>
    <!-- 配置静态资源映射 -->
    <mvc:resources mapping="/resources/**" location="/resources/" cache-period="31556926"/>
    <!--文件上传配置方式一  需要导入commons依赖-->
    <bean id="multipartResolver" class="org.springframework.web.multipart.support.StandardServletMultipartResolver"/>

<!--    &lt;!&ndash;    拦截器配置可分为全局配置和局部配置&ndash;&gt;-->
<!--    <mvc:interceptors>-->
<!--        &lt;!&ndash; 新增拦截器配置，确保只有登录用户才能发表评论 &ndash;&gt;-->
<!--        <mvc:interceptor>-->
<!--            <mvc:mapping path="/comment/add"/>-->
<!--            <bean class="com.guihang2.bbs_forum.common.interceptor.MyInterceptor"/>-->
<!--        </mvc:interceptor>-->
<!--     -->
<!--    </mvc:interceptors>-->
</beans>